{
    "root_group": {
        "name": "",
        "path": "",
        "id": "d41d8cd98f00b204e9800998ecf8427e",
        "groups": {},
        "checks": {
                "status was 200": {
                    "name": "status was 200",
                    "path": "::status was 200",
                    "id": "1461660757a913d4fb82ac4c5e1009de",
                    "passes": 90,
                    "fails": 0
                }
            }
    },
    "metrics": {
        "http_reqs": {
            "count": 90,
            "rate": 0.7373681522003509
        },
        "http_req_blocked": {
            "avg": 25.071881544444448,
            "min": 10.549588,
            "med": 12.367272,
            "max": 1012.09336,
            "p(90)": 16.659404000000006,
            "p(95)": 22.154793849999997
        },
        "http_req_receiving": {
            "avg": 14.693910144444446,
            "min": 0.06563,
            "med": 17.722209499999998,
            "max": 39.938263,
            "p(90)": 28.5455889,
            "p(95)": 29.1412495
        },
        "http_req_failed": {
            "passes": 0,
            "fails": 90,
            "value": 0
        },
        "vus": {
            "max": 1,
            "value": 1,
            "min": 1
        },
        "checks": {
            "passes": 90,
            "fails": 0,
            "value": 1
        },
        "data_sent": {
            "count": 39420,
            "rate": 322.9672506637537
        },
        "vus_max": {
            "value": 1,
            "min": 1,
            "max": 1
        },
        "data_received": {
            "count": 49950,
            "rate": 409.2393244711948
        },
        "iterations": {
            "count": 90,
            "rate": 0.7373681522003509
        },
        "http_req_sending": {
            "avg": 0.13125163333333337,
            "min": 0.04973,
            "med": 0.12261,
            "max": 0.257758,
            "p(90)": 0.21122800000000003,
            "p(95)": 0.2275234
        },
        "http_req_waiting": {
            "avg": 315.2643784333334,
            "min": 128.801158,
            "med": 306.57582,
            "max": 743.087959,
            "p(90)": 431.91699930000004,
            "p(95)": 510.0667984999999
        },
        "http_req_duration{expected_response:true}": {
            "p(95)": 531.8365804499999,
            "avg": 330.089540211111,
            "min": 160.100941,
            "med": 316.437677,
            "max": 770.101239,
            "p(90)": 447.9384092
        },
        "http_req_connecting": {
            "p(95)": 22.002675499999995,
            "avg": 24.957920311111113,
            "min": 10.496506,
            "med": 12.214704999999999,
            "max": 1011.885979,
            "p(90)": 16.49950460000001
        },
        "http_req_tls_handshaking": {
            "avg": 0,
            "min": 0,
            "med": 0,
            "max": 0,
            "p(90)": 0,
            "p(95)": 0
        },
        "iteration_duration": {
            "avg": 1356.1047111999997,
            "min": 1176.930528,
            "med": 1330.5627725,
            "max": 2241.548845,
            "p(90)": 1473.4281021000002,
            "p(95)": 1573.07037005
        },
        "http_req_duration": {
            "med": 316.437677,
            "max": 770.101239,
            "p(90)": 447.9384092,
            "p(95)": 531.8365804499999,
            "avg": 330.089540211111,
            "min": 160.100941
        }
    }
}