{
    "root_group": {
        "id": "d41d8cd98f00b204e9800998ecf8427e",
        "groups": {},
        "checks": {
                "status was 200": {
                    "name": "status was 200",
                    "path": "::status was 200",
                    "id": "1461660757a913d4fb82ac4c5e1009de",
                    "passes": 7,
                    "fails": 2
                }
            },
        "name": "",
        "path": ""
    },
    "metrics": {
        "checks": {
            "passes": 7,
            "fails": 2,
            "value": 0.7777777777777778
        },
        "vus_max": {
            "value": 25,
            "min": 25,
            "max": 25
        },
        "vus": {
            "value": 25,
            "min": 25,
            "max": 25
        },
        "iterations": {
            "count": 3,
            "rate": 0.6965192302845205
        },
        "http_req_duration{expected_response:true}": {
            "avg": 3529.4368237142858,
            "min": 2917.653725,
            "med": 3576.792657,
            "max": 3906.199258,
            "p(90)": 3864.5586022,
            "p(95)": 3885.3789301
        },
        "iteration_duration": {
            "med": 3748.194289,
            "max": 3930.088413,
            "p(90)": 3893.7095882,
            "p(95)": 3911.8990006,
            "avg": 3794.571395333333,
            "min": 3705.431484
        },
        "http_req_duration": {
            "p(90)": 3850.6783836,
            "p(95)": 3878.4388208,
            "avg": 3346.585714888889,
            "min": 2692.598775,
            "med": 3487.660997,
            "max": 3906.199258
        },
        "http_req_tls_handshaking": {
            "avg": 0,
            "min": 0,
            "med": 0,
            "max": 0,
            "p(90)": 0,
            "p(95)": 0
        },
        "data_sent": {
            "count": 12264,
            "rate": 2847.3706134031195
        },
        "http_req_sending": {
            "p(90)": 0.2295036,
            "p(95)": 0.2380308,
            "avg": 0.164443,
            "min": 0.066437,
            "med": 0.182965,
            "max": 0.246558
        },
        "http_req_waiting": {
            "avg": 3337.194733333333,
            "min": 2692.333732,
            "med": 3487.079467,
            "max": 3880.292372,
            "p(90)": 3824.759504,
            "p(95)": 3852.5259379999998
        },
        "http_req_connecting": {
            "p(95)": 24.007208199999997,
            "avg": 14.484697555555556,
            "min": 10.859082,
            "med": 12.314792,
            "max": 26.186517,
            "p(90)": 21.8278994
        },
        "data_received": {
            "count": 4301,
            "rate": 998.5764031512407
        },
        "http_reqs": {
            "count": 9,
            "rate": 2.089557690853561
        },
        "http_req_failed": {
            "passes": 2,
            "fails": 7,
            "value": 0.2222222222222222
        },
        "http_req_blocked": {
            "max": 26.220842,
            "p(90)": 21.968594799999998,
            "p(95)": 24.094718399999998,
            "avg": 14.605129777777778,
            "min": 10.99193,
            "med": 12.456359
        },
        "http_req_receiving": {
            "min": 0.198606,
            "med": 0.386849,
            "max": 27.346222,
            "p(90)": 26.0816036,
            "p(95)": 26.7139128,
            "avg": 9.226538555555557
        }
    }
}