{
    "metrics": {
        "http_req_waiting": {
            "p(95)": 2349.5942885,
            "avg": 1797.953398607477,
            "min": 359.234355,
            "med": 1823.7786409999999,
            "max": 2962.855133,
            "p(90)": 2242.7328325
        },
        "http_req_duration": {
            "avg": 1819.267111836449,
            "min": 386.972625,
            "med": 1834.2197004999998,
            "max": 2976.348384,
            "p(90)": 2259.5795887,
            "p(95)": 2368.5130038
        },
        "http_req_duration{expected_response:true}": {
            "p(95)": 2368.5130038,
            "avg": 1819.267111836449,
            "min": 386.972625,
            "med": 1834.2197004999998,
            "max": 2976.348384,
            "p(90)": 2259.5795887
        },
        "iterations": {
            "count": 428,
            "rate": 3.449361190784
        },
        "vus": {
            "min": 1,
            "max": 10,
            "value": 1
        },
        "checks": {
            "passes": 428,
            "fails": 0,
            "value": 1
        },
        "data_sent": {
            "rate": 1510.820201563392,
            "count": 187464
        },
        "data_received": {
            "count": 237540,
            "rate": 1914.3954608851197
        },
        "vus_max": {
            "value": 10,
            "min": 10,
            "max": 10
        },
        "http_req_blocked": {
            "avg": 29.31525321495328,
            "min": 10.589577,
            "med": 12.135678500000001,
            "max": 1032.962119,
            "p(90)": 23.206496400000002,
            "p(95)": 32.85901604999997
        },
        "http_req_receiving": {
            "max": 222.498889,
            "p(90)": 28.3918686,
            "p(95)": 28.972318299999998,
            "avg": 21.172327815420587,
            "min": 0.069548,
            "med": 25.904566000000003
        },
        "iteration_duration": {
            "avg": 2849.4937583200926,
            "min": 1410.642069,
            "med": 2863.9383374999998,
            "max": 4183.36885,
            "p(90)": 3297.5525939,
            "p(95)": 3416.25989245
        },
        "http_req_tls_handshaking": {
            "med": 0,
            "max": 0,
            "p(90)": 0,
            "p(95)": 0,
            "avg": 0,
            "min": 0
        },
        "http_req_connecting": {
            "avg": 29.1921375911215,
            "min": 10.525106,
            "med": 12.040790000000001,
            "max": 1032.896665,
            "p(90)": 23.0753906,
            "p(95)": 32.68897614999997
        },
        "http_req_sending": {
            "min": 0.044808,
            "med": 0.1464025,
            "max": 0.422823,
            "p(90)": 0.22123720000000002,
            "p(95)": 0.24791164999999996,
            "avg": 0.1413854135514019
        },
        "http_req_failed": {
            "passes": 0,
            "fails": 428,
            "value": 0
        },
        "http_reqs": {
            "count": 428,
            "rate": 3.449361190784
        }
    },
    "root_group": {
        "checks": {
            "status was 200": {
                "id": "1461660757a913d4fb82ac4c5e1009de",
                "passes": 428,
                "fails": 0,
                "name": "status was 200",
                "path": "::status was 200"
            }
        },
        "name": "",
        "path": "",
        "id": "d41d8cd98f00b204e9800998ecf8427e",
        "groups": {}
    }
}