{
    "metrics": {
        "iterations": {
            "count": 402,
            "rate": 3.292180939439036
        },
        "http_req_receiving": {
            "avg": 23.258899004975106,
            "min": 0.061568,
            "med": 25.8781025,
            "max": 777.403129,
            "p(90)": 27.9799109,
            "p(95)": 28.845274800000002
        },
        "http_reqs": {
            "count": 402,
            "rate": 3.292180939439036
        },
        "http_req_duration{expected_response:true}": {
            "min": 164.743621,
            "med": 445.0110495,
            "max": 1474.775988,
            "p(90)": 717.1221770000001,
            "p(95)": 860.0842351,
            "avg": 477.5830472537318
        },
        "http_req_connecting": {
            "med": 11.982510000000001,
            "max": 1042.936212,
            "p(90)": 21.441465400000002,
            "p(95)": 28.1876606,
            "avg": 27.723951549751245,
            "min": 10.428151
        },
        "http_req_failed": {
            "passes": 0,
            "fails": 402,
            "value": 0
        },
        "checks": {
            "passes": 402,
            "fails": 0,
            "value": 1
        },
        "data_received": {
            "rate": 1827.160421388665,
            "count": 223110
        },
        "http_req_blocked": {
            "p(90)": 21.6526327,
            "p(95)": 28.3174713,
            "avg": 27.84971438059702,
            "min": 10.462485,
            "med": 12.0867055,
            "max": 1043.038757
        },
        "http_req_sending": {
            "avg": 0.14002867164179103,
            "min": 0.045452,
            "med": 0.14237149999999998,
            "max": 1.382832,
            "p(90)": 0.22178510000000004,
            "p(95)": 0.2446947
        },
        "http_req_duration": {
            "min": 164.743621,
            "med": 445.0110495,
            "max": 1474.775988,
            "p(90)": 717.1221770000001,
            "p(95)": 860.0842351,
            "avg": 477.5830472537318
        },
        "http_req_tls_handshaking": {
            "med": 0,
            "max": 0,
            "p(90)": 0,
            "p(95)": 0,
            "avg": 0,
            "min": 0
        },
        "http_req_waiting": {
            "min": 137.581479,
            "med": 423.714024,
            "max": 1474.610607,
            "p(90)": 704.7458261000005,
            "p(95)": 833.5778821499999,
            "avg": 454.1841195771147
        },
        "vus_max": {
            "value": 5,
            "min": 5,
            "max": 5
        },
        "data_sent": {
            "count": 176076,
            "rate": 1441.9752514742977
        },
        "iteration_duration": {
            "avg": 1506.3425813905465,
            "min": 1178.353218,
            "med": 1464.20728,
            "max": 2705.536833,
            "p(90)": 1753.9045780000001,
            "p(95)": 1951.02895085
        },
        "vus": {
            "max": 5,
            "value": 1,
            "min": 1
        }
    },
    "root_group": {
        "path": "",
        "id": "d41d8cd98f00b204e9800998ecf8427e",
        "groups": {},
        "checks": {
                "status was 200": {
                    "passes": 402,
                    "fails": 0,
                    "name": "status was 200",
                    "path": "::status was 200",
                    "id": "1461660757a913d4fb82ac4c5e1009de"
                }
            },
        "name": ""
    }
}