{
    "root_group": {
        "path": "",
        "id": "d41d8cd98f00b204e9800998ecf8427e",
        "groups": {},
        "checks": {
                "status was 200": {
                    "fails": 0,
                    "name": "status was 200",
                    "path": "::status was 200",
                    "id": "1461660757a913d4fb82ac4c5e1009de",
                    "passes": 454
                }
            },
        "name": ""
    },
    "metrics": {
        "http_req_duration{expected_response:true}": {
            "p(90)": 5377.9439298,
            "p(95)": 5451.39136195,
            "avg": 4398.283471099121,
            "min": 321.972784,
            "med": 4432.327813,
            "max": 5915.154481
        },
        "data_sent": {
            "count": 198852,
            "rate": 1572.169861475867
        },
        "http_req_waiting": {
            "avg": 4371.752816643171,
            "min": 294.973718,
            "med": 4405.119653,
            "max": 5898.491887,
            "p(90)": 5349.6093789999995,
            "p(95)": 5437.5637381
        },
        "http_reqs": {
            "count": 454,
            "rate": 3.5894289074791486
        },
        "http_req_sending": {
            "min": 0.043612,
            "med": 0.1721725,
            "max": 0.341883,
            "p(90)": 0.2441988,
            "p(95)": 0.26046915,
            "avg": 0.16249684140969164
        },
        "iterations": {
            "count": 454,
            "rate": 3.5894289074791486
        },
        "iteration_duration": {
            "avg": 5428.973321709252,
            "min": 1336.102182,
            "med": 5454.595326000001,
            "max": 7353.229725,
            "p(90)": 6397.2054333999995,
            "p(95)": 6493.0876786
        },
        "vus_max": {
            "value": 20,
            "min": 20,
            "max": 20
        },
        "http_req_duration": {
            "avg": 4398.283471099121,
            "min": 321.972784,
            "med": 4432.327813,
            "max": 5915.154481,
            "p(90)": 5377.9439298,
            "p(95)": 5451.39136195
        },
        "http_req_connecting": {
            "p(95)": 28.20179235,
            "avg": 29.574109180616773,
            "min": 10.524823,
            "med": 11.762719,
            "max": 1044.998718,
            "p(90)": 21.412277699999997
        },
        "http_req_tls_handshaking": {
            "avg": 0,
            "min": 0,
            "med": 0,
            "max": 0,
            "p(90)": 0,
            "p(95)": 0
        },
        "http_req_failed": {
            "passes": 0,
            "fails": 454,
            "value": 0
        },
        "vus": {
            "value": 2,
            "min": 2,
            "max": 20
        },
        "data_received": {
            "count": 251970,
            "rate": 1992.1330436509274
        },
        "http_req_blocked": {
            "p(90)": 21.537528599999998,
            "p(95)": 28.283558299999996,
            "avg": 29.713112185022034,
            "min": 10.573472,
            "med": 11.84997,
            "max": 1045.169523
        },
        "http_req_receiving": {
            "avg": 26.368157614537438,
            "min": 0.061677,
            "med": 26.008566000000002,
            "max": 683.099954,
            "p(90)": 28.274217,
            "p(95)": 29.065560749999996
        },
        "checks": {
            "fails": 0,
            "passes": 454,
            "value": 1
        }
    }
}