{
    "metrics": {
        "data_sent": {
            "rate": 1564.4076038891449,
            "count": 200604
        },
        "http_req_receiving": {
            "avg": 23.48582575982532,
            "min": 0.068485,
            "med": 25.8487195,
            "max": 832.991758,
            "p(90)": 28.063458,
            "p(95)": 28.87156445
        },
        "http_req_duration": {
            "p(95)": 6643.35388645,
            "avg": 5741.815857443234,
            "min": 557.519783,
            "med": 5836.5025045,
            "max": 7317.139762,
            "p(90)": 6464.8575878
        },
        "vus": {
            "max": 25,
            "value": 3,
            "min": 3
        },
        "http_req_blocked": {
            "p(90)": 21.785188000000005,
            "p(95)": 28.6434309,
            "avg": 30.2523761069869,
            "min": 10.511414,
            "med": 12.102992,
            "max": 1038.329238
        },
        "http_req_sending": {
            "p(90)": 0.2565739,
            "p(95)": 0.27974730000000003,
            "avg": 0.1783581353711789,
            "min": 0.045932,
            "med": 0.1861545,
            "max": 0.847261
        },
        "data_received": {
            "count": 254190,
            "rate": 1982.297306297889
        },
        "http_req_failed": {
            "passes": 0,
            "fails": 458,
            "value": 0
        },
        "checks": {
            "passes": 458,
            "fails": 0,
            "value": 1
        },
        "http_req_duration{expected_response:true}": {
            "avg": 5741.815857443234,
            "min": 557.519783,
            "med": 5836.5025045,
            "max": 7317.139762,
            "p(90)": 6464.8575878,
            "p(95)": 6643.35388645
        },
        "iteration_duration": {
            "min": 1569.604062,
            "med": 6853.327181000001,
            "max": 8420.818597,
            "p(90)": 7500.9625058,
            "p(95)": 7667.58080905,
            "avg": 6773.107012305683
        },
        "iterations": {
            "count": 458,
            "rate": 3.571706858194395
        },
        "vus_max": {
            "value": 25,
            "min": 25,
            "max": 25
        },
        "http_req_waiting": {
            "p(95)": 6591.78494455,
            "avg": 5718.151673548038,
            "min": 531.405694,
            "med": 5813.133836,
            "max": 7316.7639,
            "p(90)": 6439.2712136
        },
        "http_req_tls_handshaking": {
            "p(95)": 0,
            "avg": 0,
            "min": 0,
            "med": 0,
            "max": 0,
            "p(90)": 0
        },
        "http_reqs": {
            "count": 458,
            "rate": 3.571706858194395
        },
        "http_req_connecting": {
            "avg": 30.100597397379904,
            "min": 10.426356,
            "med": 11.976995500000001,
            "max": 1038.164403,
            "p(90)": 21.582958400000006,
            "p(95)": 28.45221275
        }
    },
    "root_group": {
        "path": "",
        "id": "d41d8cd98f00b204e9800998ecf8427e",
        "groups": {},
        "checks": {
                "status was 200": {
                    "path": "::status was 200",
                    "id": "1461660757a913d4fb82ac4c5e1009de",
                    "passes": 458,
                    "fails": 0,
                    "name": "status was 200"
                }
            },
        "name": ""
    }
}