{
    "root_group": {
        "name": "",
        "path": "",
        "id": "d41d8cd98f00b204e9800998ecf8427e",
        "groups": {},
        "checks": {
                "status was 200": {
                    "id": "1461660757a913d4fb82ac4c5e1009de",
                    "passes": 447,
                    "fails": 0,
                    "name": "status was 200",
                    "path": "::status was 200"
                }
            }
    },
    "metrics": {
        "http_req_failed": {
            "fails": 447,
            "passes": 0,
            "value": 0
        },
        "data_sent": {
            "rate": 1556.724820106241,
            "count": 195786
        },
        "iterations": {
            "count": 447,
            "rate": 3.5541662559503218
        },
        "vus_max": {
            "value": 15,
            "min": 15,
            "max": 15
        },
        "data_received": {
            "count": 248085,
            "rate": 1972.5622720524286
        },
        "iteration_duration": {
            "p(90)": 5008.6126166,
            "p(95)": 5275.8917571,
            "avg": 4122.562459237139,
            "min": 1301.621159,
            "med": 4090.339619,
            "max": 5901.259431
        },
        "http_req_duration{expected_response:true}": {
            "avg": 3097.761741798661,
            "min": 288.311684,
            "med": 3054.229984,
            "max": 4889.900748,
            "p(90)": 3984.1342904000007,
            "p(95)": 4264.0170166
        },
        "http_req_tls_handshaking": {
            "avg": 0,
            "min": 0,
            "med": 0,
            "max": 0,
            "p(90)": 0,
            "p(95)": 0
        },
        "http_reqs": {
            "count": 447,
            "rate": 3.5541662559503218
        },
        "http_req_duration": {
            "p(90)": 3984.1342904000007,
            "p(95)": 4264.0170166,
            "avg": 3097.761741798661,
            "min": 288.311684,
            "med": 3054.229984,
            "max": 4889.900748
        },
        "http_req_waiting": {
            "avg": 3072.4462803557035,
            "min": 261.009466,
            "med": 3025.966103,
            "max": 4599.716009,
            "p(90)": 3917.108968600001,
            "p(95)": 4220.5669284
        },
        "http_req_blocked": {
            "min": 10.646462,
            "med": 12.123528,
            "max": 1041.767571,
            "p(90)": 24.803263200000004,
            "p(95)": 30.850079399999995,
            "avg": 23.860400720357948
        },
        "http_req_sending": {
            "p(95)": 0.2397434,
            "avg": 0.1389805458612976,
            "min": 0.043426,
            "med": 0.145075,
            "max": 0.360379,
            "p(90)": 0.21830180000000002
        },
        "http_req_connecting": {
            "max": 1041.576332,
            "p(90)": 24.64674,
            "p(95)": 30.702169899999998,
            "avg": 23.735292700223734,
            "min": 10.515104,
            "med": 12.02624
        },
        "vus": {
            "value": 3,
            "min": 3,
            "max": 15
        },
        "checks": {
            "passes": 447,
            "fails": 0,
            "value": 1
        },
        "http_req_receiving": {
            "avg": 25.17648089709174,
            "min": 0.0669,
            "med": 26.081065,
            "max": 1025.058524,
            "p(90)": 28.4918666,
            "p(95)": 28.908780399999998
        }
    }
}