{
    "root_group": {
        "id": "d41d8cd98f00b204e9800998ecf8427e",
        "groups": {},
        "checks": {
                "status was 200": {
                    "name": "status was 200",
                    "path": "::status was 200",
                    "id": "1461660757a913d4fb82ac4c5e1009de",
                    "passes": 531,
                    "fails": 0
                }
            },
        "name": "",
        "path": ""
    },
    "metrics": {
        "http_req_blocked": {
            "max": 1070.159011,
            "p(90)": 28.73247,
            "p(95)": 334.9859765,
            "avg": 57.90428571186443,
            "min": 10.608596,
            "med": 12.252993
        },
        "http_req_tls_handshaking": {
            "avg": 0,
            "min": 0,
            "med": 0,
            "max": 0,
            "p(90)": 0,
            "p(95)": 0
        },
        "http_req_sending": {
            "max": 1.439592,
            "p(90)": 0.245739,
            "p(95)": 0.2684215,
            "avg": 0.18785715630885128,
            "min": 0.034405,
            "med": 0.183003
        },
        "vus": {
            "min": 9,
            "max": 10,
            "value": 10
        },
        "vus_max": {
            "value": 10,
            "min": 10,
            "max": 10
        },
        "http_req_duration": {
            "avg": 86.63762796233522,
            "min": 71.786428,
            "med": 80.747493,
            "max": 208.250067,
            "p(90)": 99.462772,
            "p(95)": 114.0589155
        },
        "http_req_duration{expected_response:true}": {
            "avg": 86.63762796233522,
            "min": 71.786428,
            "med": 80.747493,
            "max": 208.250067,
            "p(90)": 99.462772,
            "p(95)": 114.0589155
        },
        "data_received": {
            "count": 246915,
            "rate": 3998.741118981729
        },
        "checks": {
            "passes": 531,
            "fails": 0,
            "value": 1
        },
        "iterations": {
            "count": 531,
            "rate": 8.599443266627373
        },
        "http_req_connecting": {
            "max": 1069.938893,
            "p(90)": 28.554659,
            "p(95)": 334.76755,
            "avg": 57.73916382109223,
            "min": 10.555379,
            "med": 12.068938
        },
        "http_reqs": {
            "count": 531,
            "rate": 8.599443266627373
        },
        "iteration_duration": {
            "med": 1097.703973,
            "max": 2178.336248,
            "p(90)": 1156.483324,
            "p(95)": 1416.809828,
            "avg": 1145.576702344633,
            "min": 1084.367001
        },
        "http_req_failed": {
            "passes": 0,
            "fails": 531,
            "value": 0
        },
        "data_sent": {
            "count": 75402,
            "rate": 1221.1209438610872
        },
        "http_req_waiting": {
            "p(95)": 79.389893,
            "avg": 57.566394549905795,
            "min": 45.565672,
            "med": 52.818057,
            "max": 137.848468,
            "p(90)": 69.622778
        },
        "http_req_receiving": {
            "avg": 28.883376256120545,
            "min": 0.066737,
            "med": 27.211863,
            "max": 151.861753,
            "p(90)": 28.955714,
            "p(95)": 30.6854495
        }
    }
}