{
    "metrics": {
        "vus": {
            "value": 5,
            "min": 4,
            "max": 5
        },
        "http_req_blocked": {
            "avg": 24.159253010948916,
            "min": 10.557957,
            "med": 12.0981645,
            "max": 1037.920699,
            "p(90)": 20.6856252,
            "p(95)": 24.84089689999999
        },
        "iteration_duration": {
            "p(95)": 1113.781203,
            "avg": 1110.1873982664233,
            "min": 1083.887874,
            "med": 1096.611469,
            "max": 2115.555362,
            "p(90)": 1108.4321244
        },
        "http_reqs": {
            "count": 274,
            "rate": 4.426861994247484
        },
        "http_req_failed": {
            "passes": 0,
            "fails": 274,
            "value": 0
        },
        "http_req_waiting": {
            "med": 52.99208,
            "max": 102.120621,
            "p(90)": 65.9584111,
            "p(95)": 68.13478644999998,
            "avg": 55.31492662773722,
            "min": 45.201004
        },
        "http_req_receiving": {
            "p(90)": 28.670590100000002,
            "p(95)": 29.574640549999998,
            "avg": 29.504919711678834,
            "min": 0.262171,
            "med": 26.9645645,
            "max": 677.230741
        },
        "checks": {
            "passes": 274,
            "fails": 0,
            "value": 1
        },
        "iterations": {
            "count": 274,
            "rate": 4.426861994247484
        },
        "data_received": {
            "count": 127410,
            "rate": 2058.49082732508
        },
        "http_req_connecting": {
            "p(95)": 24.666625349999993,
            "avg": 24.00551791970801,
            "min": 10.506955,
            "med": 11.924149,
            "max": 1037.776131,
            "p(90)": 20.5449944
        },
        "data_sent": {
            "count": 38908,
            "rate": 628.6144031831427
        },
        "vus_max": {
            "value": 5,
            "min": 5,
            "max": 5
        },
        "http_req_duration": {
            "med": 81.220879,
            "max": 724.370456,
            "p(90)": 93.06171020000001,
            "p(95)": 97.50392269999999,
            "avg": 84.99259654744517,
            "min": 72.152469
        },
        "http_req_sending": {
            "min": 0.029926,
            "med": 0.17547000000000001,
            "max": 0.341441,
            "p(90)": 0.2479983,
            "p(95)": 0.2626713,
            "avg": 0.17275020802919702
        },
        "http_req_duration{expected_response:true}": {
            "med": 81.220879,
            "max": 724.370456,
            "p(90)": 93.06171020000001,
            "p(95)": 97.50392269999999,
            "avg": 84.99259654744517,
            "min": 72.152469
        },
        "http_req_tls_handshaking": {
            "med": 0,
            "max": 0,
            "p(90)": 0,
            "p(95)": 0,
            "avg": 0,
            "min": 0
        }
    },
    "root_group": {
        "name": "",
        "path": "",
        "id": "d41d8cd98f00b204e9800998ecf8427e",
        "groups": {},
        "checks": {
                "status was 200": {
                    "name": "status was 200",
                    "path": "::status was 200",
                    "id": "1461660757a913d4fb82ac4c5e1009de",
                    "passes": 274,
                    "fails": 0
                }
            }
    }
}