{
    "root_group": {
        "name": "",
        "path": "",
        "id": "d41d8cd98f00b204e9800998ecf8427e",
        "groups": {},
        "checks": {
                "status was 200": {
                    "path": "::status was 200",
                    "id": "1461660757a913d4fb82ac4c5e1009de",
                    "passes": 1102,
                    "fails": 0,
                    "name": "status was 200"
                }
            }
    },
    "metrics": {
        "http_req_tls_handshaking": {
            "avg": 0,
            "min": 0,
            "med": 0,
            "max": 0,
            "p(90)": 0,
            "p(95)": 0
        },
        "http_req_failed": {
            "passes": 0,
            "fails": 1102,
            "value": 0
        },
        "iteration_duration": {
            "max": 2116.619571,
            "p(90)": 1111.0794735,
            "p(95)": 1126.43331395,
            "avg": 1109.9551912368415,
            "min": 1083.663709,
            "med": 1096.742058
        },
        "http_req_duration{expected_response:true}": {
            "med": 80.544831,
            "max": 428.261027,
            "p(90)": 95.4676634,
            "p(95)": 101.98542275,
            "avg": 85.83030310163333,
            "min": 70.574179
        },
        "vus": {
            "min": 6,
            "max": 20,
            "value": 6
        },
        "http_req_duration": {
            "p(90)": 95.4676634,
            "p(95)": 101.98542275,
            "avg": 85.83030310163333,
            "min": 70.574179,
            "med": 80.544831,
            "max": 428.261027
        },
        "http_req_receiving": {
            "max": 353.818475,
            "p(90)": 29.1567668,
            "p(95)": 30.324480050000002,
            "avg": 28.22348833575323,
            "min": 0.242219,
            "med": 27.108401
        },
        "iterations": {
            "count": 1102,
            "rate": 17.756270970464374
        },
        "http_req_waiting": {
            "avg": 57.43191074863881,
            "min": 44.718852,
            "med": 52.592569,
            "max": 365.307348,
            "p(90)": 67.2139693,
            "p(95)": 73.36370205
        },
        "http_req_sending": {
            "min": 0.030885,
            "med": 0.1748225,
            "max": 1.372419,
            "p(90)": 0.24078079999999996,
            "p(95)": 0.2557183,
            "avg": 0.17490401724137924
        },
        "http_req_blocked": {
            "avg": 23.15152191379311,
            "min": 10.326616,
            "med": 11.907306,
            "max": 1037.280249,
            "p(90)": 22.812360299999998,
            "p(95)": 28.25574015000001
        },
        "data_sent": {
            "count": 156484,
            "rate": 2521.3904778059414
        },
        "data_received": {
            "count": 512430,
            "rate": 8256.666001265934
        },
        "http_reqs": {
            "count": 1102,
            "rate": 17.756270970464374
        },
        "checks": {
            "passes": 1102,
            "fails": 0,
            "value": 1
        },
        "vus_max": {
            "value": 20,
            "min": 20,
            "max": 20
        },
        "http_req_connecting": {
            "max": 1037.094148,
            "p(90)": 22.661005099999997,
            "p(95)": 28.119175200000008,
            "avg": 22.997737753176054,
            "min": 10.270549,
            "med": 11.7588
        }
    }
}