{
    "root_group": {
        "name": "",
        "path": "",
        "id": "d41d8cd98f00b204e9800998ecf8427e",
        "groups": {},
        "checks": {
                "status was 200": {
                    "passes": 1376,
                    "fails": 0,
                    "name": "status was 200",
                    "path": "::status was 200",
                    "id": "1461660757a913d4fb82ac4c5e1009de"
                }
            }
    },
    "metrics": {
        "data_received": {
            "count": 639840,
            "rate": 10315.46623113512
        },
        "http_req_connecting": {
            "p(95)": 34.5872445,
            "avg": 22.45823623037789,
            "min": 10.330371,
            "med": 11.4046805,
            "max": 1044.58473,
            "p(90)": 25.0210565
        },
        "iteration_duration": {
            "p(90)": 1123.075345,
            "p(95)": 1201.48695425,
            "avg": 1112.6425287609034,
            "min": 1082.54488,
            "med": 1095.515399,
            "max": 2125.368461
        },
        "http_req_tls_handshaking": {
            "p(90)": 0,
            "p(95)": 0,
            "avg": 0,
            "min": 0,
            "med": 0,
            "max": 0
        },
        "http_req_waiting": {
            "med": 52.6555345,
            "max": 410.113505,
            "p(90)": 71.00996649999999,
            "p(95)": 84.827122,
            "avg": 59.463195518168575,
            "min": 44.288286
        },
        "vus": {
            "value": 5,
            "min": 5,
            "max": 25
        },
        "http_req_sending": {
            "p(95)": 0.24292775,
            "avg": 0.12698080523255803,
            "min": 0.021096,
            "med": 0.11980350000000001,
            "max": 0.88642,
            "p(90)": 0.2208205
        },
        "http_req_receiving": {
            "avg": 29.592654185319827,
            "min": 0.074974,
            "med": 27.109287000000002,
            "max": 321.191797,
            "p(90)": 29.6356845,
            "p(95)": 35.77711825
        },
        "checks": {
            "passes": 1376,
            "fails": 0,
            "value": 1
        },
        "iterations": {
            "count": 1376,
            "rate": 22.18379834652714
        },
        "http_req_failed": {
            "fails": 1376,
            "passes": 0,
            "value": 0
        },
        "http_req_blocked": {
            "med": 11.5445465,
            "max": 1044.748013,
            "p(90)": 25.109897,
            "p(95)": 34.63656075,
            "avg": 22.5735379818314,
            "min": 10.381615
        },
        "http_reqs": {
            "count": 1376,
            "rate": 22.18379834652714
        },
        "http_req_duration": {
            "med": 80.63566,
            "max": 437.206692,
            "p(90)": 101.90182300000001,
            "p(95)": 134.11094275,
            "avg": 89.18283050872104,
            "min": 70.543063
        },
        "http_req_duration{expected_response:true}": {
            "p(95)": 134.11094275,
            "avg": 89.18283050872104,
            "min": 70.543063,
            "med": 80.63566,
            "max": 437.206692,
            "p(90)": 101.90182300000001
        },
        "vus_max": {
            "value": 25,
            "min": 25,
            "max": 25
        },
        "data_sent": {
            "count": 195392,
            "rate": 3150.0993652068537
        }
    }
}