{
    "root_group": {
        "name": "",
        "path": "",
        "id": "d41d8cd98f00b204e9800998ecf8427e",
        "groups": {},
        "checks": {
                "status was 200": {
                    "name": "status was 200",
                    "path": "::status was 200",
                    "id": "1461660757a913d4fb82ac4c5e1009de",
                    "passes": 831,
                    "fails": 0
                }
            }
    },
    "metrics": {
        "checks": {
            "passes": 831,
            "fails": 0,
            "value": 1
        },
        "data_received": {
            "count": 386415,
            "rate": 6225.745746579968
        },
        "http_reqs": {
            "count": 831,
            "rate": 13.3887005302795
        },
        "vus_max": {
            "min": 15,
            "max": 15,
            "value": 15
        },
        "iteration_duration": {
            "p(90)": 1109.831148,
            "p(95)": 1118.2652595,
            "avg": 1106.1791366137184,
            "min": 1083.558011,
            "med": 1094.815221,
            "max": 2118.274777
        },
        "http_req_duration": {
            "p(95)": 98.56171599999999,
            "avg": 82.23168754392297,
            "min": 71.503485,
            "med": 79.769954,
            "max": 137.080442,
            "p(90)": 91.954282
        },
        "http_req_waiting": {
            "min": 45.216078,
            "med": 51.629952,
            "max": 111.418028,
            "p(90)": 63.013362,
            "p(95)": 70.10849350000001,
            "avg": 54.296675529482535
        },
        "data_sent": {
            "rate": 1901.195475299689,
            "count": 118002
        },
        "http_req_duration{expected_response:true}": {
            "min": 71.503485,
            "med": 79.769954,
            "max": 137.080442,
            "p(90)": 91.954282,
            "p(95)": 98.56171599999999,
            "avg": 82.23168754392297
        },
        "iterations": {
            "count": 831,
            "rate": 13.3887005302795
        },
        "http_req_failed": {
            "passes": 0,
            "fails": 831,
            "value": 0
        },
        "vus": {
            "value": 7,
            "min": 7,
            "max": 15
        },
        "http_req_tls_handshaking": {
            "max": 0,
            "p(90)": 0,
            "p(95)": 0,
            "avg": 0,
            "min": 0,
            "med": 0
        },
        "http_req_receiving": {
            "max": 86.969224,
            "p(90)": 29.176664,
            "p(95)": 32.7631425,
            "avg": 27.78373301083032,
            "min": 0.141178,
            "med": 27.198554
        },
        "http_req_sending": {
            "avg": 0.15127900361010832,
            "min": 0.034988,
            "med": 0.157966,
            "max": 0.457806,
            "p(90)": 0.232656,
            "p(95)": 0.248783
        },
        "http_req_connecting": {
            "avg": 22.863429185318893,
            "min": 10.368814,
            "med": 11.591256,
            "max": 1039.469348,
            "p(90)": 21.462399,
            "p(95)": 26.3302775
        },
        "http_req_blocked": {
            "med": 11.721814,
            "max": 1039.622348,
            "p(90)": 21.606074,
            "p(95)": 26.467329499999998,
            "avg": 23.00150274849579,
            "min": 10.455985
        }
    }
}