{
    "root_group": {
        "path": "",
        "id": "d41d8cd98f00b204e9800998ecf8427e",
        "groups": {},
        "checks": {
                "status was 200": {
                    "name": "status was 200",
                    "path": "::status was 200",
                    "id": "1461660757a913d4fb82ac4c5e1009de",
                    "passes": 1917,
                    "fails": 0
                }
            },
        "name": ""
    },
    "metrics": {
        "checks": {
            "passes": 1917,
            "fails": 0,
            "value": 1
        },
        "http_req_blocked": {
            "med": 11.548794,
            "max": 1041.401017,
            "p(90)": 20.092969200000002,
            "p(95)": 27.16404939999999,
            "avg": 27.25490562232651,
            "min": 10.270119
        },
        "http_req_duration": {
            "avg": 90.33061356494528,
            "min": 70.113599,
            "med": 82.714845,
            "max": 588.626087,
            "p(90)": 101.41343020000001,
            "p(95)": 119.60337579999991
        },
        "iteration_duration": {
            "avg": 1118.429772260302,
            "min": 1081.347065,
            "med": 1097.163691,
            "max": 2123.955,
            "p(90)": 1118.611737,
            "p(95)": 1161.7046088
        },
        "http_reqs": {
            "count": 1917,
            "rate": 30.884186335778892
        },
        "http_req_sending": {
            "min": 0.023697,
            "med": 0.127203,
            "max": 1.819585,
            "p(90)": 0.22370500000000001,
            "p(95)": 0.24451799999999999,
            "avg": 0.12831010641627594
        },
        "data_sent": {
            "count": 272214,
            "rate": 4385.554459680603
        },
        "vus": {
            "min": 9,
            "max": 35,
            "value": 9
        },
        "http_req_duration{expected_response:true}": {
            "p(90)": 101.41343020000001,
            "p(95)": 119.60337579999991,
            "avg": 90.33061356494528,
            "min": 70.113599,
            "med": 82.714845,
            "max": 588.626087
        },
        "http_req_tls_handshaking": {
            "avg": 0,
            "min": 0,
            "med": 0,
            "max": 0,
            "p(90)": 0,
            "p(95)": 0
        },
        "http_req_connecting": {
            "med": 11.412015,
            "max": 1041.321425,
            "p(90)": 19.962350600000004,
            "p(95)": 27.063920399999997,
            "avg": 27.1382775618153,
            "min": 10.241389
        },
        "vus_max": {
            "value": 35,
            "min": 35,
            "max": 35
        },
        "http_req_waiting": {
            "min": 44.290905,
            "med": 54.647395,
            "max": 560.118978,
            "p(90)": 72.41167560000001,
            "p(95)": 89.52104959999997,
            "avg": 62.37894722483033
        },
        "data_received": {
            "count": 891405,
            "rate": 14361.146646137186
        },
        "http_req_receiving": {
            "min": 0.106491,
            "med": 27.195556,
            "max": 98.90446,
            "p(90)": 30.5669776,
            "p(95)": 35.10593599999999,
            "avg": 27.823356233698497
        },
        "http_req_failed": {
            "fails": 1917,
            "passes": 0,
            "value": 0
        },
        "iterations": {
            "count": 1917,
            "rate": 30.884186335778892
        }
    }
}