{
    "root_group": {
        "name": "",
        "path": "",
        "id": "d41d8cd98f00b204e9800998ecf8427e",
        "groups": {},
        "checks": {
                "status was 200": {
                    "name": "status was 200",
                    "path": "::status was 200",
                    "id": "1461660757a913d4fb82ac4c5e1009de",
                    "passes": 2173,
                    "fails": 0
                }
            }
    },
    "metrics": {
        "http_reqs": {
            "count": 2173,
            "rate": 34.99955459934046
        },
        "http_req_duration{expected_response:true}": {
            "min": 69.830445,
            "med": 83.58334,
            "max": 423.881179,
            "p(90)": 116.36706919999999,
            "p(95)": 144.2781832,
            "avg": 91.0799062227336
        },
        "checks": {
            "passes": 2173,
            "fails": 0,
            "value": 1
        },
        "http_req_receiving": {
            "med": 26.990921,
            "max": 143.608088,
            "p(90)": 29.355542,
            "p(95)": 33.8113316,
            "avg": 27.239541141279382,
            "min": 0.048899
        },
        "http_req_duration": {
            "min": 69.830445,
            "med": 83.58334,
            "max": 423.881179,
            "p(90)": 116.36706919999999,
            "p(95)": 144.2781832,
            "avg": 91.0799062227336
        },
        "http_req_waiting": {
            "avg": 63.720869302807145,
            "min": 44.226382,
            "med": 55.800799,
            "max": 397.961588,
            "p(90)": 86.17396339999999,
            "p(95)": 119.77399860000003
        },
        "vus_max": {
            "min": 40,
            "max": 40,
            "value": 40
        },
        "http_req_blocked": {
            "avg": 29.033752802577133,
            "min": 10.329563,
            "med": 11.488147,
            "max": 1046.247352,
            "p(90)": 24.0711664,
            "p(95)": 64.5728778000001
        },
        "data_sent": {
            "rate": 4969.936753106346,
            "count": 308566
        },
        "http_req_failed": {
            "passes": 0,
            "fails": 2173,
            "value": 0
        },
        "http_req_tls_handshaking": {
            "p(90)": 0,
            "p(95)": 0,
            "avg": 0,
            "min": 0,
            "med": 0,
            "max": 0
        },
        "http_req_connecting": {
            "min": 10.284519,
            "med": 11.364668,
            "max": 1046.136605,
            "p(90)": 23.999665999999998,
            "p(95)": 64.4416062000001,
            "avg": 28.92363910354349
        },
        "iteration_duration": {
            "min": 1081.059777,
            "med": 1097.431079,
            "max": 2150.327495,
            "p(90)": 1150.5590771999998,
            "p(95)": 1228.0172864,
            "avg": 1120.9541526313865
        },
        "vus": {
            "value": 2,
            "min": 2,
            "max": 40
        },
        "iterations": {
            "count": 2173,
            "rate": 34.99955459934046
        },
        "http_req_sending": {
            "avg": 0.11949577864703179,
            "min": 0.026907,
            "med": 0.108358,
            "max": 0.850279,
            "p(90)": 0.216312,
            "p(95)": 0.2440564
        },
        "data_received": {
            "count": 1010445,
            "rate": 16274.792888693315
        }
    }
}