{
    "root_group": {
        "groups": {},
        "checks": {
                "status was 200": {
                    "name": "status was 200",
                    "path": "::status was 200",
                    "id": "1461660757a913d4fb82ac4c5e1009de",
                    "passes": 29,
                    "fails": 0
                }
            },
        "name": "",
        "path": "",
        "id": "d41d8cd98f00b204e9800998ecf8427e"
    },
    "metrics": {
        "http_req_blocked": {
            "avg": 67.2449715172414,
            "min": 11.284919,
            "med": 12.807031,
            "max": 1540.562184,
            "p(90)": 25.3061422,
            "p(95)": 28.198790399999996
        },
        "data_sent": {
            "count": 4118,
            "rate": 126.1637388422291
        },
        "http_req_sending": {
            "p(90)": 0.2522658,
            "p(95)": 0.26952859999999995,
            "avg": 0.2030693448275862,
            "min": 0.060704,
            "med": 0.201345,
            "max": 0.305829
        },
        "iterations": {
            "count": 28,
            "rate": 0.8578398949933013
        },
        "http_req_duration": {
            "p(90)": 84.96968899999999,
            "p(95)": 89.12859719999999,
            "avg": 78.79574124137932,
            "min": 72.481436,
            "med": 77.422346,
            "max": 96.425854
        },
        "http_req_duration{expected_response:true}": {
            "p(95)": 89.12859719999999,
            "avg": 78.79574124137932,
            "min": 72.481436,
            "med": 77.422346,
            "max": 96.425854,
            "p(90)": 84.96968899999999
        },
        "http_req_connecting": {
            "p(95)": 28.014629599999996,
            "avg": 67.06755217241378,
            "min": 11.088519,
            "med": 12.602449,
            "max": 1540.365672,
            "p(90)": 25.1564992
        },
        "http_req_tls_handshaking": {
            "max": 0,
            "p(90)": 0,
            "p(95)": 0,
            "avg": 0,
            "min": 0,
            "med": 0
        },
        "iteration_duration": {
            "p(95)": 1108.8878407,
            "avg": 1149.2441160714286,
            "min": 1084.488326,
            "med": 1092.530023,
            "max": 2618.152562,
            "p(90)": 1104.2803667
        },
        "http_req_waiting": {
            "avg": 51.26607055172415,
            "min": 46.374978,
            "med": 50.080498,
            "max": 68.132082,
            "p(90)": 55.5323844,
            "p(95)": 59.92243679999999
        },
        "http_req_receiving": {
            "avg": 27.326601344827587,
            "min": 25.432558,
            "med": 27.270713,
            "max": 30.43571,
            "p(90)": 29.367634,
            "p(95)": 29.5756382
        },
        "vus": {
            "min": 1,
            "max": 1,
            "value": 1
        },
        "checks": {
            "fails": 0,
            "passes": 29,
            "value": 1
        },
        "http_reqs": {
            "count": 29,
            "rate": 0.8884770341002048
        },
        "vus_max": {
            "max": 1,
            "value": 1,
            "min": 1
        },
        "data_received": {
            "count": 13485,
            "rate": 413.14182085659525
        },
        "http_req_failed": {
            "passes": 0,
            "fails": 29,
            "value": 0
        }
    }
}