{
    "metrics": {
        "http_req_duration{expected_response:true}": {
            "p(95)": 105.81105899999997,
            "avg": 85.91434473072209,
            "min": 70.370681,
            "med": 82.88052149999999,
            "max": 574.849485,
            "p(90)": 97.3031215
        },
        "iteration_duration": {
            "p(95)": 1152.5431065,
            "avg": 1123.502164187272,
            "min": 1082.103286,
            "med": 1097.61977,
            "max": 2144.993096,
            "p(90)": 1115.5087126
        },
        "http_req_receiving": {
            "avg": 28.20130727906977,
            "min": 0.070966,
            "med": 27.255312500000002,
            "max": 102.619757,
            "p(90)": 33.2365888,
            "p(95)": 37.2650083
        },
        "vus": {
            "value": 30,
            "min": 29,
            "max": 30
        },
        "http_req_blocked": {
            "min": 10.373321,
            "med": 11.6206095,
            "max": 1046.368183,
            "p(90)": 23.074468800000002,
            "p(95)": 33.2871374499999,
            "avg": 36.72932776070992
        },
        "vus_max": {
            "value": 30,
            "min": 30,
            "max": 30
        },
        "data_received": {
            "rate": 12260.577791665313,
            "count": 759810
        },
        "http_reqs": {
            "count": 1634,
            "rate": 26.366833960570567
        },
        "http_req_sending": {
            "p(90)": 0.22836220000000002,
            "p(95)": 0.25134024999999993,
            "avg": 0.13580568421052638,
            "min": 0.021778,
            "med": 0.14118550000000002,
            "max": 0.415579
        },
        "http_req_waiting": {
            "avg": 57.577231767441916,
            "min": 43.977445,
            "med": 53.8993525,
            "max": 548.929576,
            "p(90)": 67.5790204,
            "p(95)": 76.09987874999999
        },
        "checks": {
            "passes": 1634,
            "fails": 0,
            "value": 1
        },
        "http_req_connecting": {
            "avg": 36.604992955936325,
            "min": 10.330924,
            "med": 11.488256499999999,
            "max": 1046.237331,
            "p(90)": 22.9457564,
            "p(95)": 33.147828999999916
        },
        "data_sent": {
            "count": 232028,
            "rate": 3744.0904224010205
        },
        "http_req_failed": {
            "passes": 0,
            "fails": 1634,
            "value": 0
        },
        "http_req_duration": {
            "avg": 85.91434473072209,
            "min": 70.370681,
            "med": 82.88052149999999,
            "max": 574.849485,
            "p(90)": 97.3031215,
            "p(95)": 105.81105899999997
        },
        "iterations": {
            "count": 1634,
            "rate": 26.366833960570567
        },
        "http_req_tls_handshaking": {
            "min": 0,
            "med": 0,
            "max": 0,
            "p(90)": 0,
            "p(95)": 0,
            "avg": 0
        }
    },
    "root_group": {
        "name": "",
        "path": "",
        "id": "d41d8cd98f00b204e9800998ecf8427e",
        "groups": {},
        "checks": {
                "status was 200": {
                    "name": "status was 200",
                    "path": "::status was 200",
                    "id": "1461660757a913d4fb82ac4c5e1009de",
                    "passes": 1634,
                    "fails": 0
                }
            }
    }
}